pair_id,couple,k,title,norm_title,channel_title,channel_subscribers,published_at,age_days,gap_days,view_count,like_count,comment_count,like_rate,comment_rate,log_views,expected_log_views,premium,video_id
arukwe_olawunmi,Uzor Arukwe & Bamike Olawunmi,1,LOVE IN EVERY WORD - Nigerian Movies 2025 Latest Full Movies,love in every word,Omoni Oboli TV,2080000,2025-03-07 20:06:11+00:00,577,,34569948,507998.0,70995.0,0.014694786350271629,0.0020536623312247967,17.358495336629147,15.532050320552315,1.826445016076832,bslcx4LRFL0
arukwe_olawunmi,Uzor Arukwe & Bamike Olawunmi,2,"TOO GOOD TO BE TRUE - UZOR ARUKWE, BAM BAM | Nigerian Movies 2026 Latest Full Movies",too good to be true,ENYINNA JONAS TV,157000,2025-07-23 16:00:31+00:00,439,137.0,7899732,46427.0,4481.0,0.0058770348158646395,0.0005672344327630355,15.882339519397748,14.778573688115774,1.103765831281974,RMIGESdOEKU
arukwe_olawunmi,Uzor Arukwe & Bamike Olawunmi,3,LOVE IN EVERY WORD 2 - THE WEDDING | Nigerian Movies 2025 Latest Full Movies,love in every word 2,Omoni Oboli TV,2080000,2025-10-24 16:00:08+00:00,346,92.0,24294342,389635.0,74436.0,0.01603809644237329,0.0030639232789264267,17.005754082855123,15.477716713756385,1.5280373690987386,OQQaDqLCgKg
arukwe_olawunmi,Uzor Arukwe & Bamike Olawunmi,4,"WITHOUT YOU - Bambam, Uzor Arukwe, Modola Osifuwa, Alex Cross Latest 2026 Romantic Movie #trending",without you,IBAKATV,1420000,2026-02-17 16:00:01+00:00,230,115.0,6001379,67500.0,7344.0,0.011247414969126263,0.0012237187486409374,15.607500000746384,14.994679989872223,0.6128200108741613,061B3-yAkSM
arukwe_olawunmi,Uzor Arukwe & Bamike Olawunmi,5,LAGOS BIG GIRLS AND FAKE LIFE - Bimbo Ademoye Uzor Arukwe Bambam Olawunmi Fredrick Leonard Nig Movie,lagos big girls and fake life,Shine Nolly tv,203000,2026-06-24 17:15:17+00:00,103,127.0,1482016,4354.0,122.0,0.00293789000928465,8.232029883617991e-05,14.208914555757532,12.805326645297301,1.4035879104602316,2LwyjFkYHaM
arukwe_olawunmi,Uzor Arukwe & Bamike Olawunmi,6,"THE POLYGAMIST - Uzor Arukwe, Bambam Olawunmi, Uche Montana, Shine Roseman 2026 Nigerian Movie",the polygamist,Shine Nolly tv,203000,2026-07-16 17:15:29+00:00,81,22.0,103164,233.0,2.0,0.0022585398007056727,1.9386607731379164e-05,11.54408492721933,12.563475844002433,-1.0193909167831023,Jqw1gNvx75o
sam_uche,Maurice Sam & Sonia Uche,1,BETTER TOMORROW 1 (New) Sonia Uche/Chinenye Nnebe/Maurice Sam/Faith 2022 Latest Nollywood Movie,better tomorrow 1,Uche Nancy tv,2360000,2022-10-04 16:30:11+00:00,1462,,367056,5533.0,498.0,0.015073994158929427,0.0013567412057015824,12.813272428328336,12.53778398148204,0.27548844684629614,kMgFuXMPRCo
sam_uche,Maurice Sam & Sonia Uche,2,BETTER TOMORROW 3 (New) Sonia Uche/Chinenye Nnebe/Maurice Sam/Faith 2022 Latest Nollywood Movie,better tomorrow 3,Uche Nancy tv,2360000,2022-10-09 15:15:11+00:00,1457,4.0,395598,6526.0,705.0,0.016496544471913406,0.0017821121441463303,12.888156350921635,12.53742000679896,0.35073634412267474,P4kLJPzcqwA
sam_uche,Maurice Sam & Sonia Uche,3,BETTER TOMORROW (Full Movie) Sonia Uche/Chinenye Nnebe/Maurice Sam/Faith 2022 Latest Nollywood Movie,better tomorrow,Uche Nancy tv,2360000,2022-10-13 19:11:25+00:00,1453,4.0,777334,4902.0,368.0,0.006306169548739667,0.00047341297305919977,13.563626681864445,12.537127926598286,1.026498755266159,HSN-17pt3MU
sam_uche,Maurice Sam & Sonia Uche,4,"PITTER PATTER - Maurice Sam, Chinenye Nnebe, Sonia Uche 2023 Nigerian Nollywood Romantic Movie",pitter patter,Uche Nancy tv,2360000,2023-01-26 19:00:25+00:00,1348,104.0,962885,7339.0,438.0,0.007621886310410901,0.0004548829818721862,13.777690303710484,13.88056182728311,-0.10287152357262563,Zli0hn5tlsg
sam_uche,Maurice Sam & Sonia Uche,5,"THE REUNION - Maurice Sam, Ebube Obio, Sonia Uche, Chinenye Nnebe NEW 2023 Nigerian Nollywood Movie",the reunion,NollyFamily tv,1670000,2023-02-24 18:10:28+00:00,1319,28.0,623565,4430.0,347.0,0.007104311499202168,0.0005564776727366033,13.343209892549803,13.82707158357309,-0.4838616910232876,69mKmoMAleI
sam_uche,Maurice Sam & Sonia Uche,6,"BROKEN STRINGS - Maurice Sam, Chinenye Nnebe, Sonia Uche 2023 Nigerian Nollywood Movie",broken strings,NollyFamily tv,1670000,2023-04-04 19:08:01+00:00,1280,39.0,670355,5290.0,339.0,0.007891341155059633,0.0005057022025643129,13.415564193537872,13.823882794667828,-0.408318601129956,boGXqzkYW5Y
sam_uche,Maurice Sam & Sonia Uche,7,"MY BIG SISTER (Full Movie) Maurice Sam, Sonia Uche, Ebube Obio, Ebele 2023 Nigerian Nollywood Movie",my big sister,Uche Nancy tv,2360000,2023-04-05 18:00:09+00:00,1279,0.0,5126560,44052.0,6113.0,0.008592896601229675,0.0011924175275428357,15.449945621977895,13.874979391169,1.5749662308088954,QdX0ifOdf84
sam_uche,Maurice Sam & Sonia Uche,8,"HEAD OVER HEELS - Maurice Sam, Sonia Uche, Ebube Obio 2023 Nigerian Nollywood Romantic Movie",head over heels,NollyFamily tv,1670000,2023-04-28 18:00:17+00:00,1256,23.0,619083,4795.0,544.0,0.007745326555566863,0.0008787190085982008,13.335996245206314,13.821871805177647,-0.48587555997133336,dZcmQyBL11w
sam_uche,Maurice Sam & Sonia Uche,9,"WOUNDED - Maurice Sam, Sonia Uche, Ebube Obio 2023 Nigerian Nollywood Emotional Movie",wounded,BASEFLIX TV,109000,2023-06-15 17:00:07+00:00,1208,47.0,2057767,14373.0,1201.0,0.0069847558056864555,0.0005836423657294533,14.537132458214929,13.901347120240178,0.6357853379747507,wCoJW3oM3yk
sam_uche,Maurice Sam & Sonia Uche,10,"LOVE & STITCHES - SONIA UCHE, MAURICE SAM, CHIKE DANIEL nigerian movies 2023 latest full movies",love stitches,Uchenna Mbunabo Tv,3910000,2023-06-19 18:15:44+00:00,1204,4.0,9381849,85196.0,8925.0,0.009080939162418837,0.0009513050146085275,16.054287529680483,15.549027933208958,0.5052595964715252,ZjNc2CEIJ_Q
sam_uche,Maurice Sam & Sonia Uche,11,"WIND OF GRACE (New Movie) Maurice Sam, Sonia Uche, Chinenye Nnebe 2023 Nigerian Nollywood Movie",wind of grace,Uche Nancy tv,2360000,2023-07-01 17:00:45+00:00,1192,11.0,5462076,54642.0,8294.0,0.01000388863135555,0.0015184702666165759,15.51333967831664,13.86749492376417,1.6458447545524706,dlwopxFv1Ig
sam_uche,Maurice Sam & Sonia Uche,12,"A TURN OF FATE (New Movie) Maurice Sam, Chinenye Nnebe, Sonia Uche 2023 Nigerian Nollywood Movie",a turn of fate,Uche Nancy tv,2360000,2023-08-01 17:00:16+00:00,1161,30.0,3273852,31044.0,4073.0,0.009482407879158862,0.0012441002220014833,15.001478136699353,13.864695299569249,1.136782837130104,PR0CYIP5MFU
sam_uche,Maurice Sam & Sonia Uche,13,"KISS OR KILL - Maurice Sam, Chinenye Nnebe, Sonia Uche 2024 Nollywood Romantic Movie",kiss or kill,Uche Nancy tv,2360000,2024-03-06 15:03:04+00:00,943,217.0,8933011,60571.0,4662.0,0.0067805804784075606,0.0005218845023251398,16.00526418601678,14.125232809133793,1.8800313768829877,TBZ0QM2gHus
sam_uche,Maurice Sam & Sonia Uche,14,"LOVE OR MONEY (New Movie) Maurice Sam, Chinenye Nnebe, Sonia Uche 2024 Nollywood Movie",love or money,Uche Nancy tv,2360000,2024-05-19 13:00:09+00:00,869,73.0,7495228,100404.0,10522.0,0.013395723252181255,0.0014038265413673873,15.829777242754549,14.116550205333093,1.713227037421456,DIFfh93Iefs
sam_uche,Maurice Sam & Sonia Uche,15,"MY BABY BOY (New Movie) Maurice Sam, Chinenye Nnebe, Sonia Uche 2024 Nollywood Romance Movie",my baby boy,Uche Nancy tv,2360000,2024-06-02 13:10:26+00:00,855,14.0,5770979,69183.0,8137.0,0.011988087289868842,0.0014099860699545086,15.568352468083217,14.11482462507518,1.4535278430080378,Xctk4pkbUPA
sam_uche,Maurice Sam & Sonia Uche,16,"CROSSED LINES (New Movie) Maurice Sam, Sonia Uche, Victory Michael 2024 Nollywood Romance Movie",crossed lines,Uche Nancy tv,2360000,2024-06-21 16:00:21+00:00,836,19.0,8570965,110431.0,11036.0,0.012884313493288096,0.0012876029711940255,15.963891003008142,14.112437016594086,1.8514539864140556,L7ccIVgEdL0
sam_uche,Maurice Sam & Sonia Uche,17,"TWO GIRLS - MAURICE SAM, SONIA UCHE, PEARL WATS 2024 FULL NIGERIAN MOVIE",two girls,Maurice Sam TV,2830000,2024-07-09 17:00:07+00:00,818,18.0,8116338,87511.0,9162.0,0.010782079307194945,0.001128834210699456,15.909389748400033,15.494190737234971,0.4151990111650612,D-mALGzlCIE
sam_uche,Maurice Sam & Sonia Uche,18,"DIE TOGETHER (New Movie) Maurice Sam, Sonia Uche 2024 Nollywood Romance Movie",die together,Uche Nancy tv,2360000,2024-07-14 14:00:01+00:00,813,4.0,4200545,52931.0,5905.0,0.012600983919943722,0.0014057699655639923,15.250725074804329,14.109473071268914,1.1412520035354152,0BvfMIebkeM
sam_uche,Maurice Sam & Sonia Uche,19,"YOU ME FOREVER - MAURICE SAM, SONIA UCHE 2024 full nigerian movie",you me forever,Maurice Sam TV,2830000,2024-08-06 17:00:15+00:00,790,23.0,16960019,202058.0,26446.0,0.011913783823001614,0.0015593142908625279,16.646369367572618,15.490490319707773,1.155879047864845,CmK_5I4YDRM
sam_uche,Maurice Sam & Sonia Uche,20,"ONCE UPON A VOW - MAURICE SAM, SONIA UCHE, NY ADDAE, CHISOM AGOAWUIKE, Latest 2024 Nigerian Movies",once upon a vow,Sonia Uche Tv,1510000,2024-09-01 16:00:22+00:00,764,25.0,10345759,139620.0,18217.0,0.013495384920526373,0.0017608181284717729,16.15208733190557,15.584213828999314,0.5678735029062558,VJ_al50fkbI
sam_uche,Maurice Sam & Sonia Uche,21,"MY MAID AND I - MAURICE SAM, SONIA UCHE- A 2025 Nollywood New Movie",my maid and i,Nolly HD,95300,2024-09-13 11:01:08+00:00,752,11.0,281116,1422.0,63.0,0.005058410051366696,0.0002241067744276384,12.546526231764664,11.957442018437954,0.5890842133267107,yVyRUHsBDpg
sam_uche,Maurice Sam & Sonia Uche,22,"LOVE ME OR NOT - MAURICE SAM, SONIA UCHE, CHISOM AGOAWUIKE THELMA C,  Latest 2024 Nigerian Movies",love me or not,Sonia Uche Tv,1510000,2024-11-09 16:07:50+00:00,695,57.0,10359865,115177.0,12715.0,0.0111176159148792,0.0012273325955502316,16.153449860349028,15.574157192886078,0.5792926674629495,toRXISB-YeE
sam_uche,Maurice Sam & Sonia Uche,23,"BEHIND THE ACT (New Movie) Maurice Sam, Sonia Uche, Chinenye Nnebe 2024 Nollywood Movie",behind the act,Uche Nancy tv,2360000,2024-11-10 14:03:36+00:00,694,0.0,5112996,71057.0,9083.0,0.01389733142760135,0.001776453570470229,15.447296287322281,14.092658969449886,1.3546373178723954,VRgfArGxVxg
sam_uche,Maurice Sam & Sonia Uche,24,"WITNESS PROTECTION -  MAURICE SAM, SONIA UCHE, 2024 FULL NIGERIAN MOVIE",witness protection,Maurice Sam TV,2830000,2024-12-24 17:00:12+00:00,650,44.0,9088753,95305.0,12647.0,0.01048603697338898,0.001391500022060232,16.022548383050832,15.469766282480805,0.5527821005700275,ENxJiLUDjsM
sam_uche,Maurice Sam & Sonia Uche,25,BENEATH THE FACADE - NIGERIAN MOVIES 2026 LATEST FULL MOVIES,beneath the facade,BOLAJI OGUNMOLA TV,751000,2025-01-22 15:00:08+00:00,621,28.0,1905217,29628.0,2504.0,0.015550984481032868,0.00131428598422122,14.460106995691211,16.211305909342478,-1.7511989136512671,56ma3dYVfM0
sam_uche,Maurice Sam & Sonia Uche,26,"MIND WORK - Maurice Sam, Sonia Uche, Chioma Nwosu Latest 2025 Nollywood Full Movie",mind work,Uche Nancy tv,2360000,2025-02-23 17:30:31+00:00,589,32.0,2748663,33493.0,3599.0,0.012185196948480043,0.0013093638616301817,14.826625533413049,14.058108278211956,0.7685172552010933,lfXTjV7rnLw
sam_uche,Maurice Sam & Sonia Uche,27,"LOVE ON STERIODS - SONIA UCHE, MAURICE SAM, 2025 LATEST NIGERIAN MOVIE",love on steriods,Sonia Uche Tv,1510000,2025-04-16 16:00:51+00:00,537,51.0,9278904,120172.0,15856.0,0.012951098534913176,0.001708822507485798,16.04325410211069,15.529633582639544,0.5136205194711465,TxImIPgyeBQ
sam_uche,Maurice Sam & Sonia Uche,28,"STRANGE ATTRACTION - Sonia Uche, Maurice Sam Latest 2025 Nollywood Full Movie",strange attraction,Uche Nancy tv,2360000,2025-05-08 17:00:59+00:00,515,22.0,2520318,19980.0,1328.0,0.007927571044606277,0.0005269176349968536,14.739896038777697,14.043844020707814,0.6960520180698833,EaPoIg6TmGM
sam_uche,Maurice Sam & Sonia Uche,29,"PASSION AND GAIN - Maurice Sam, Sonia Uche, Chinenye Nnebe Latest 2025 Nollywood Full Movie",passion and gain,Uche Nancy tv,2360000,2025-05-29 16:00:54+00:00,494,20.0,660641,8146.0,493.0,0.01233044876112745,0.0007462449348435837,13.400967368482736,14.039420931585504,-0.6384535631027681,vBgHVg5eXH0
sam_uche,Maurice Sam & Sonia Uche,30,"DON'T JUDGE ME - MAURICE SAM, SONIA UCHE, Latest 2025 Nigerian Movie",don t judge me,Uchenna Mbunabo Tv,3910000,2025-06-30 17:00:34+00:00,462,32.0,5613904,62706.0,7731.0,0.011169767064060946,0.0013771165306709912,15.540757113780025,15.712774483075654,-0.17201736929562905,daxLrGQcJJU
sam_uche,Maurice Sam & Sonia Uche,31,"TO BE BETTER OR BITTER - MAURICE SAM, SONIA UCHE, PAMELA OKOYE latest 2025 nigerian movies",to be better or bitter,Uchenna Mbunabo Tv,3910000,2025-08-04 17:30:12+00:00,427,35.0,8161259,97168.0,14431.0,0.011906006168901147,0.0017682320828195748,15.914909126784726,15.70440447913186,0.2105046476528667,TGUUhtYFt-Y
sam_uche,Maurice Sam & Sonia Uche,32,"BONDS AND BREAK - Maurice Sam, Sonia Uche, Chinenye Nnebe Latest 2025 Nollywood Full Movie",bonds and break,Uche Nancy tv,2360000,2025-08-10 17:00:43+00:00,421,5.0,1888899,14857.0,1028.0,0.007865428485059285,0.0005442323808737259,14.451505207019911,14.022432213916478,0.42907299310343383,GKuuKPbL89M
sam_uche,Maurice Sam & Sonia Uche,33,"Barbecue Girlfriend - Maurice Sam, Sonia Uche, Frances Ben (Latest Nollywood Movie 2025)",barbecue girlfriend,NewNollywood247,250000,2025-08-26 16:00:30+00:00,405,15.0,264367,2050.0,108.0,0.0077543717634954434,0.0004085230002231746,12.485097350890772,11.896013137564044,0.5890842133267284,IjGXyjyDYZ4
sam_uche,Maurice Sam & Sonia Uche,34,"A TASTE OF DESIRE - SONIA UCHE, MAURICE SAM, CHINENYE NNEBE 2025 Latest Nollywood Full Movie",a taste of desire,Uche Nancy tv,2360000,2025-09-21 16:33:32+00:00,379,26.0,1205320,12605.0,862.0,0.010457803736767,0.000715162778349318,14.002256479472859,14.011266316558732,-0.009009837085873329,h-vkYXafBMk
sam_uche,Maurice Sam & Sonia Uche,35,"MORE THAN GOLD - SONIA UCHE, MAURICE SAM, CHINENYE NNEBE 2025 Latest Nollywood Full Movie",more than gold,Uche Nancy tv,2360000,2025-10-19 16:16:14+00:00,351,27.0,1334628,11550.0,861.0,0.008654096871937349,0.000645123584998966,14.104163908572675,14.003112083370134,0.10105182520254097,nJCb_0dUE24
sam_uche,Maurice Sam & Sonia Uche,36,"Mr and Mrs Sam - Maurice Sam, Sonia Uche, Pearl Watt (Latest Nollywood Movie 2025)",mr and mrs sam,REAL FLOW TV,46800,2025-11-02 18:30:08+00:00,337,14.0,2384413,13361.0,889.0,0.005603475572394548,0.0003728380947428151,14.684463949808743,12.702452105555786,1.9820118442529573,cg6VAvoVf8k
sam_uche,Maurice Sam & Sonia Uche,37,"THE OTHER MAID (Full Movie) - MAURICE SAM, SONIA UCHE, CHINENYE 2025 Trending Nollywood Full Movie",the other maid,NOLLYWOOD SERIES TV,93300,2025-11-23 17:01:20+00:00,316,20.0,290203,1583.0,122.0,0.0054548023280255546,0.0004203953784075285,12.57833940293475,11.954982549970701,0.623356852964049,oU1ptm4DvSs
sam_uche,Maurice Sam & Sonia Uche,38,"ACCIDENTAL BRIDE - MAURICE SAM, SONIA UCHE, 2025 Latest Full Nigerian Movie",accidental bride,Maurice Sam TV,2830000,2025-12-02 17:00:58+00:00,307,8.0,10437652,123289.0,13564.0,0.011811947744569373,0.0012995259853461295,16.160930306716445,15.372948168958956,0.7879821377574885,m-Q8F7RHIRs
sam_uche,Maurice Sam & Sonia Uche,39,"A MIX OF LOVE - SONIA UCHE, MAURICE SAM, ANTHONY WOODE, 2025 Latest Nigerian Movie",a mix of love,Sonia Uche Tv,1510000,2025-12-18 16:00:17+00:00,291,15.0,5407335,59277.0,7465.0,0.01096233172163367,0.0013805321845234298,15.503267108101637,15.464540493290652,0.03872661481098483,CoKMtJzXbUI
sam_uche,Maurice Sam & Sonia Uche,40,"LOVE BEYOND EDUCATION (Full Movie) - MAURICE SAM, SONIA UCHE 2026 Trending Nollywood Full Movie",love beyond education,NOLLYWOOD SERIES TV,93300,2026-01-04 17:01:33+00:00,274,17.0,3029048,17407.0,807.0,0.005746690049150756,0.00026642034064828287,14.92375926683462,12.120444261302714,2.803315005531907,qroqSqn4Qp4
sam_uche,Maurice Sam & Sonia Uche,41,"LOVE BY FORCE (Full Movie) - MAURICE SAM, SONIA UCHE, EBUBE OBIO 2026 Trending Nollywood Full Movie",love by force,NOLLYWOOD SERIES TV,93300,2026-01-12 17:30:12+00:00,266,8.0,218999,1093.0,55.0,0.004990890369362417,0.0002511426992817319,12.296827008798639,12.117296057454446,0.1795309513441925,gHxZx18Y9zY
sam_uche,Maurice Sam & Sonia Uche,42,LOVE & SECURITY (Full Movie) - MAURICE SAM/SONIA UCHE/TOOSWEET 2026 Trending Nollywood Full Movie,love security,NOLLYWOOD SERIES TV,93300,2026-03-16 17:00:27+00:00,203,62.0,79631,507.0,44.0,0.0063668671748439674,0.0005525486305584509,11.285171301098336,12.088579302988846,-0.8034080018905101,Jq6ZPBdfzi8
sam_uche,Maurice Sam & Sonia Uche,43,"LOVE FOUND HER - MAURICE SAM, SONIA UCHE - Latest Nigerian New Movies 2026",love found her,NOLLWOOD FLIX TV,72000,2026-03-17 14:01:50+00:00,202,0.0,756765,4382.0,288.0,0.005790436925597775,0.00038056728310638046,13.536809369706374,12.898220612729196,0.6385887569771782,Hyjc7DPWknI
sam_uche,Maurice Sam & Sonia Uche,44,"MY VILLAGE DIRTY WIFE - MAURICE SAM, SONIA UCHE - Latest Nigerian New Movies 2026",my village dirty wife,NOLLWOOD FLIX TV,72000,2026-04-03 14:00:18+00:00,185,16.0,201655,1376.0,149.0,0.0068235352458406685,0.0007388857206615259,12.214318554384024,12.888880494440329,-0.6745619400563054,SZaJGtjYSY0
sam_uche,Maurice Sam & Sonia Uche,45,"Powered by you | Sonia uche, Maurice Sam | Full 2026 Latest New Nigerian Movie",powered by you,NollywoodTVNOLLY,913000,2026-04-15 13:00:26+00:00,173,11.0,2582633,14789.0,783.0,0.0057263265822128035,0.0003031789650329722,14.764320366335522,12.942161269536422,1.8221590967990995,3hNeGjK9UR8
sam_uche,Maurice Sam & Sonia Uche,46,"MR LECTURER MY LOVE (Full Movie) - MAURICE SAM, SONIA UCHE 2026 Trending Nollywood Full Movie",mr lecturer my love,NOLLYWOOD SERIES TV,93300,2026-04-25 17:00:32+00:00,163,10.0,88970,608.0,27.0,0.006833764190176464,0.00030347308081375745,11.396065752919382,12.06526342000592,-0.6691976670865376,MgB5vSMrpKE
sam_uche,Maurice Sam & Sonia Uche,47,LOYALTY OF A POOR MAN (Full Movie) - SONIA UCHE/EBUBE/MAURICE SAM 2026 Trending Nollywood Full Movie,loyalty of a poor man,NOLLYWOOD SERIES TV,93300,2026-05-03 17:00:01+00:00,155,7.0,1139413,6478.0,194.0,0.005685383614194326,0.00017026310916234939,13.946024653121631,12.059916676454831,1.8861079766667999,1gfbXfGH6Ns
sam_uche,Maurice Sam & Sonia Uche,48,PREGNANT FOR YOU (Full Movie) - MAURICE SAM/SONIA UCHE/CHRISTIAN 2026 Trending Nollywood Full Movie,pregnant for you,NOLLYWOOD SERIES TV,93300,2026-05-10 17:00:39+00:00,148,7.0,390894,2098.0,97.0,0.005367183942449871,0.0002481491145937262,12.876194260704102,12.055006834244345,0.8211874264597565,V4cgszfcu2g
sam_uche,Maurice Sam & Sonia Uche,49,"AMAKA & THE BILLIONAIRE (Full Movie) - SONIA UCHE, MAURICE SAM 2026 Trending Nollywood Full Movie",amaka the billionaire,NOLLYWOOD SERIES TV,93300,2026-05-11 17:30:00+00:00,147,1.0,151155,827.0,16.0,0.005471205054414343,0.00010585160927524727,11.926067695086308,12.054286532461074,-0.12821883737476547,d442jsvlNnk
sam_uche,Maurice Sam & Sonia Uche,50,CAUGHT IN THE ACT (2026) - MAURICE SAM/SONIA UCHE New Nigerian Nollywood Full Movies,caught in the act,NollyStar Movies,13300,2026-06-15 11:00:23+00:00,112,34.0,735648,4032.0,102.0,0.0054808821610335375,0.00013865326895471747,13.508508381783091,12.399712111464094,1.1087962703189973,pTijYEP6kxs
sam_uche,Maurice Sam & Sonia Uche,51,"Let Me Love You Perfect | Sonia Uche, Maurice Sam | Full 2026 Latest New Nigerian Movie",let me love you perfect,NollywoodTVNOLLY,913000,2026-07-29 13:00:26+00:00,68,44.0,785649,4153.0,198.0,0.0052860755884625325,0.0002520209406490685,13.574266679618278,12.842952234942446,0.7313144446758315,9PWMTug2J9k
sam_uche,Maurice Sam & Sonia Uche,52,"LET ME LOVE YOU AGAIN | Sonia Uche, Maurice Sam | Full 2026 Latest New Nigerian Movie",let me love you again,TOPNOLLY TV,221000,2026-07-30 18:00:21+00:00,67,1.0,1370524,7254.0,401.0,0.00529286608625606,0.00029258882004255305,14.130704436076297,13.788203043040209,0.3425013930360876,WkwV0pQapwk
sam_uche,Maurice Sam & Sonia Uche,53,LOVE AFTER SUMMER (2026) - LATEST MAURICE SAM & SONIA UCHE | New Nigerian Nollywood Full Movies,love after summer,NollyStar Movies,13300,2026-08-29 17:00:07+00:00,37,29.0,231285,1236.0,45.0,0.0053440560347623066,0.0001945651468966859,12.351410318934146,12.282038162599711,0.06937215633443472,6Z947pKKH3c
sam_montana,Maurice Sam & Uche Montana,1,Maurice Sam and Uche Montana serving it hot in this Lastest Love Story,maurice sam and uche montana serving it hot in this lastest love story,ChinneyLoveEze Tv,829000,2022-07-23 15:39:37+00:00,1535,,11511733,83501.0,4682.0,0.007253556002384697,0.0004067154788944462,16.258877420958548,14.443755303030148,1.8151221179284,ErD7cNM7eqo
sam_montana,Maurice Sam & Uche Montana,2,HER DESIRE - When desires turn to lust!/ Uche Montana/Maurice Sam,her desire,ChinneyLoveEze Tv,829000,2022-12-01 16:11:44+00:00,1404,131.0,6674607,52684.0,3348.0,0.007893198805562635,0.0005016025662634519,15.713821033934353,14.434277789532596,1.2795432444017578,qyTnN48ezb0
sam_montana,Maurice Sam & Uche Montana,3,"A PLAYER'S HEART - MAURICE SAM, UCHE MONTANA 2024 FULL NIGERIAN MOVIE",a player s heart,Maurice Sam TV,2830000,2024-04-09 17:00:24+00:00,909,495.0,12871938,154530.0,12200.0,0.01200518523317934,0.0009477982258770979,16.370560228674822,16.069416845156322,0.30114338351850023,VD3Lwxi7gcw
sam_montana,Maurice Sam & Uche Montana,4,"THE PRESIDENT'S DAUGHTER - Maurice Sam, Uche Montana Nigerian Movie",the president s daughter,Shine Nolly tv,203000,2025-01-05 16:00:19+00:00,638,270.0,4693148,14294.0,343.0,0.0030457168621147255,7.308527240138176e-05,15.361614343686574,12.494575490855924,2.8670388528306496,ORRfjW8sTyM
sam_montana,Maurice Sam & Uche Montana,5,"INSANE OBSESSION - MAURICE SAM, UCHE MONTANA LATEST FULL NIGERIAN MOVIE",insane obsession,Maurice Sam TV,2830000,2025-01-14 17:00:50+00:00,629,9.0,9377374,112087.0,8387.0,0.011952919868611404,0.0008943868507324119,16.053810431070612,16.013174500827304,0.04063593024330814,qD75sVmXB3U
sam_montana,Maurice Sam & Uche Montana,6,"CHAOS TO CALM - UCHE MONTANA, MAURICE SAM 2025 LATEST NIGERIAN MOVIE",chaos to calm,Uche Montana TV,1940000,2025-01-24 17:00:38+00:00,619,9.0,11792335,126186.0,7270.0,0.010700679721191774,0.0006165021600895836,16.28296038689948,16.36860241630513,-0.08564202940565124,WOqaznahn5I
sam_montana,Maurice Sam & Uche Montana,7,"NINE MONTHS TILL FOREVER - UCHE MONTANA, MAURICE SAM, Latest 2025 Nigerian Movie",nine months till forever,Uche Montana TV,1940000,2025-12-06 17:01:19+00:00,303,316.0,12606285,137883.0,9018.0,0.010937639439374883,0.0007153574586010073,16.34970613640691,16.2927045521211,0.05700158428580693,p3iMZRhJN6w
sam_montana,Maurice Sam & Uche Montana,8,"LOVE BUG - MAURICE SAM, UCHE MONTANA, EVANNY PATRICK, 2025 Latest Full Nigerian Movie",love bug,Maurice Sam TV,2830000,2025-12-24 17:00:52+00:00,285,17.0,7146839,88266.0,8388.0,0.012350355171006371,0.0011736657283031,15.782180858935991,15.92906719608057,-0.14688633714457922,UXQ09ZZqceA
sam_montana,Maurice Sam & Uche Montana,9,"COLOURS OF TROUBLE - MAURICE SAM, CHIOMA NWAOHA ,UCHE MONTANA ,New Trending 2026 Nigeria Movie",colours of trouble,Nolly Cinema Tv,11700,2026-03-10 20:00:39+00:00,209,76.0,727921,2851.0,216.0,0.003916633810537132,0.0002967354973960086,13.497949178581473,13.135723333283199,0.3622258452982745,kkktAaAhRm8
sam_montana,Maurice Sam & Uche Montana,10,"Let Me Know You | Uche Montana, Maurice Sam, Chike Daniel | Full 2026 Latest Nigerian Movie",let me know you,NollywoodTVNOLLY,913000,2026-04-18 13:00:50+00:00,170,38.0,4903628,23052.0,1289.0,0.004701009130382647,0.0002628665959163297,15.40548610120784,13.50432191129672,1.9011641899111194,cnDyDG3iqNI
sam_montana,Maurice Sam & Uche Montana,11,"Be My Love | Uche Montana, Maurice Sam | Full 2026 Latest New Nigerian Movie",be my love,NollywoodTVNOLLY,913000,2026-05-19 13:00:52+00:00,139,31.0,327879,1364.0,61.0,0.004160071245794943,0.00018604424193071224,12.700402966766967,13.482932369345551,-0.782529402578584,faNEK7RkJR0
sam_montana,Maurice Sam & Uche Montana,12,"One Time Queen | Uche Montana, Maurice Sam | Full 2026 Latest New Nigerian Movie",one time queen,NollywoodTVNOLLY,913000,2026-07-01 17:30:32+00:00,96,43.0,413455,2072.0,63.0,0.005011428087699991,0.0001523745026665538,12.932306379077907,13.443608690784954,-0.5113023117070465,eZUtkb-WVa0
sam_montana,Maurice Sam & Uche Montana,13,"THE LONG WAY HOME - UCHE MONTANA, MAURICE SAM, NADIA BUARI, Latest 2026 Nigerian Movie",the long way home,Uche Montana TV,1940000,2026-07-04 17:00:14+00:00,93,2.0,10290148,125951.0,13598.0,0.012239960008349733,0.0013214581558982437,16.14669758778314,16.34782971885306,-0.20113213106991878,tYp-UskX0cM
sam_montana,Maurice Sam & Uche Montana,14,"JUST BEFORE FOREVER - MAURICE SAM, UCHE MONTANA, PAMELA OKOYE, Latest 2026 Nigerian Movie",just before forever,Maurice Sam TV,2830000,2026-08-11 17:00:10+00:00,55,37.0,9805730,95195.0,8677.0,0.00970809924401345,0.0008848907730480036,16.09847756863267,15.934892687689796,0.16358488094287438,WIQUH0YSZAs
sam_montana,Maurice Sam & Uche Montana,15,"NEXT TO YOU - EDDIE WATSON, UCHE MONTANA, MAURICE SAM (LATEST NOLLYWOOD MOVIE 2026)",next to you,LAGOS FILMS TV,35600,2026-08-14 15:59:40+00:00,52,2.0,271301,1261.0,56.0,0.004647974021474303,0.00020641280349132513,12.510987870532862,12.06818450401273,0.4428033665201312,SZHNL7jKxgA
sam_montana,Maurice Sam & Uche Montana,16,Victorias dilenma - Uche Montana/ Maurice Sam / Lastest Nollywood movie 2026,victorias dilenma,Premium Nolly Tv,30300,2026-08-20 14:26:45+00:00,46,5.0,680519,2937.0,121.0,0.004315823658119758,0.00017780546906111366,13.430612490796074,13.848529810450291,-0.41791731965421697,3fGqnITUeiI
egbuson_ademoye,Timini Egbuson & Bimbo Ademoye,1,"UNEXPECTED PLACES STARRING TIMINI EGBUSON, BIMBO ADEMOYE. A LOVE STORY",unexpected places,Bimbo Ademoye TV,1840000,2024-05-03 18:09:34+00:00,885,,17252354,262921.0,27690.0,0.015239717432183457,0.0016049983671793425,16.663459213862527,16.460795981730598,0.20266323213192905,InVf3C6-Gmo
egbuson_ademoye,Timini Egbuson & Bimbo Ademoye,2,"Last Straw - New Nigerian movie starring Bimbo Ademoye, Timini Egbuson, Shaffy Bello",last straw,Bimbo Ademoye TV,1840000,2024-08-08 11:00:34+00:00,788,96.0,15428259,208377.0,17471.0,0.013506190167017549,0.0011324025607814855,16.551711450644273,16.44846215071832,0.10324929992595244,UCZz-qi4ORk
egbuson_ademoye,Timini Egbuson & Bimbo Ademoye,3,"THE HOMECOMING. LATEST ROMANTIC MOVIE. STARRING BIMBO ADEMOYE ,TIMINI EGBUSON, BISOLA AIYEOLA",the homecoming,Bimbo Ademoye TV,1840000,2024-12-24 18:00:24+00:00,650,138.0,13262792,190606.0,17100.0,0.014371483772044377,0.0012893212831807963,16.400473154026034,16.42800742695896,-0.02753427293292532,cuATJ5Mlrok
egbuson_ademoye,Timini Egbuson & Bimbo Ademoye,4,"MY FIRST KISS - Bimbo Ademoye, Timini Egbuson, Chioma Nwaoha Nigerian Movie",my first kiss,Shine Nolly tv,203000,2025-02-24 13:15:00+00:00,588,61.0,872852,2446.0,75.0,0.0028023078368383187,8.592521985399586e-05,13.679522435763689,12.752247705279345,0.9272747304843438,-8XNUZguMhI
egbuson_ademoye,Timini Egbuson & Bimbo Ademoye,5,"HEARTS ATTACHED - Timini Egbuson, Bimbo Ademoye, Emeka Darlington 2025 Nollywood Full Movie",hearts attached,NollyFamily tv,1670000,2025-04-02 16:06:51+00:00,551,37.0,2487869,24456.0,1573.0,0.009830099575178596,0.0006322680173272789,14.726937480672229,14.830205205035785,-0.10326772436355647,J8um0OUy8gw
egbuson_ademoye,Timini Egbuson & Bimbo Ademoye,6,"NIGHT HUSTLERS - Bimbo Ademoye, Sandra Okunzuwa, Timini Egbuson | 2025 Nigerian Love Movie",night hustlers,NOLLYWOOD+,127000,2025-08-05 17:00:26+00:00,426,125.0,966165,4700.0,154.0,0.004864593521810457,0.00015939306433166177,13.781090941081501,11.92506279234714,1.856028148734362,Q0zCPzCrFHY
egbuson_ademoye,Timini Egbuson & Bimbo Ademoye,7,"LOLA'S GIFT - Timini Egbuson, Bimbo Ademoye, Ekene Umenwa 2025 Nigerian Movie",lola s gift,Shine Nolly tv,203000,2025-11-13 17:00:47+00:00,326,100.0,716802,4146.0,110.0,0.005784024040111495,0.0001534593932494608,13.482556325901957,12.689581790242922,0.7929745356590345,STGthhnwaow
egbuson_ademoye,Timini Egbuson & Bimbo Ademoye,8,"MILES AWAY FROM HOME. STARRING,BIMBO ADEMOYE,TIMINI EGBUSON,SANDRA OKUNZUWA.2025 ROMANTIC MOVIE",miles away from home,Bimbo Ademoye TV,1840000,2025-11-21 17:00:13+00:00,318,7.0,11579206,140997.0,14945.0,0.012176741652234186,0.001290675716452406,16.26472154762608,16.334929492188998,-0.07020794456291668,8sh6VFJMqJA
egbuson_ademoye,Timini Egbuson & Bimbo Ademoye,9,"EMERGENCY WIFE -  Timini Egbuson, Bimbo Ademoye, Angel Unigwe 2025 Nigerian Movie",emergency wife,Shine Nolly tv,203000,2025-12-29 17:00:17+00:00,280,38.0,7080,43.0,3.0,0.006073446327683616,0.000423728813559322,8.865170419651774,12.67342123532034,-3.8082508156685666,B1hE0D0Alaw
egbuson_ademoye,Timini Egbuson & Bimbo Ademoye,10,"DOMESTIC HOUSE BOYS  - Timini Egbuson, Bimbo Ademoye, Christian Ochiagha Nigerian Movie",domestic house boys,Shine Nolly tv,203000,2026-01-15 17:00:28+00:00,263,17.0,9237,55.0,2.0,0.005954314171267728,0.00021652051531882645,9.13108069099055,12.847380194737385,-3.716299503746834,JMc9I6QVPQE
egbuson_ademoye,Timini Egbuson & Bimbo Ademoye,11,"CAMPUS BIG BOYS  - Timini Egbuson, Bimbo Ademoye, Uche Montana, Chidi Dike Nigerian Movie",campus big boys,Shine Nolly tv,203000,2026-02-03 17:00:47+00:00,244,19.0,217299,786.0,15.0,0.003617135835875913,6.902930984496017e-05,12.289034166244521,13.54763082892993,-1.2585966626854095,T4pQIDeZlBk
egbuson_ademoye,Timini Egbuson & Bimbo Ademoye,12,"WIFE VACANCY FOR DAD - Timini Egbuson, Bimbo Ademoye, Darasimi Nadi, Nancy Isime 2026 Nig Movie",wife vacancy for dad,Shine Nolly tv,203000,2026-05-05 17:15:02+00:00,153,91.0,1840150,14063.0,323.0,0.007642311768062386,0.00017552916881775942,14.425358191435395,12.789826050797231,1.6355321406381638,MpUPnCHtirQ
